compound,salinity,group,day,methane_umoles,replicate_number
benzene,fresh,treatment,1,60.6,1
benzene,fresh,treatment,1,33.5,2
benzene,fresh,treatment,1,26.9,3
benzene,fresh,sterile,1,NA,1
benzene,fresh,sterile,1,NA,2
benzene,fresh,sterile,1,NA,3
benzene,brackish,treatment,1,31,1
benzene,brackish,treatment,1,24.7,2
benzene,brackish,treatment,1,15.1,3
benzene,brackish,sterile,1,NA,1
benzene,brackish,sterile,1,NA,2
benzene,brackish,sterile,1,NA,3
benzene,saline,treatment,1,15.8,1
benzene,saline,treatment,1,16.9,2
benzene,saline,treatment,1,15.1,3
benzene,saline,sterile,1,NA,1
benzene,saline,sterile,1,NA,2
benzene,saline,sterile,1,NA,3
toluene,fresh,treatment,1,24.3,1
toluene,fresh,treatment,1,23.2,2
toluene,fresh,treatment,1,21.6,3
toluene,fresh,sterile,1,NA,1
toluene,fresh,sterile,1,NA,2
toluene,fresh,sterile,1,NA,3
toluene,brackish,treatment,1,26.2,1
toluene,brackish,treatment,1,26.9,2
toluene,brackish,treatment,1,22.8,3
toluene,brackish,sterile,1,NA,1
toluene,brackish,sterile,1,NA,2
toluene,brackish,sterile,1,NA,3
toluene,saline,treatment,1,17.5,1
toluene,saline,treatment,1,18.7,2
toluene,saline,treatment,1,25.7,3
toluene,saline,sterile,1,NA,1
toluene,saline,sterile,1,NA,2
toluene,saline,sterile,1,NA,3
hexane,fresh,treatment,1,30.8,1
hexane,fresh,treatment,1,30.6,2
hexane,fresh,treatment,1,17,3
hexane,fresh,sterile,1,NA,1
hexane,fresh,sterile,1,NA,2
hexane,fresh,sterile,1,NA,3
hexane,brackish,treatment,1,19.2,1
hexane,brackish,treatment,1,20.7,2
hexane,brackish,treatment,1,22.1,3
hexane,brackish,sterile,1,NA,1
hexane,brackish,sterile,1,NA,2
hexane,brackish,sterile,1,NA,3
hexane,saline,treatment,1,22.8,1
hexane,saline,treatment,1,15.7,2
hexane,saline,treatment,1,16.3,3
hexane,saline,sterile,1,NA,1
hexane,saline,sterile,1,NA,2
hexane,saline,sterile,1,NA,3
unamended,fresh,unamended,1,6.6,1
unamended,fresh,unamended,1,NA,2
unamended,fresh,unamended,1,17.1,3
unamended,brackish,unamended,1,6.1,1
unamended,brackish,unamended,1,6.6,2
unamended,brackish,unamended,1,17.5,3
unamended,saline,unamended,1,12.9,1
unamended,saline,unamended,1,14.5,2
unamended,saline,unamended,1,12,3
unamended,fresh,media only,1,NA,1
unamended,fresh,media only,1,NA,2
unamended,fresh,media only,1,NA,3
unamended,brackish,media only,1,NA,1
unamended,brackish,media only,1,NA,2
unamended,brackish,media only,1,NA,3
unamended,saline,media only,1,NA,1
unamended,saline,media only,1,NA,2
unamended,saline,media only,1,NA,3
benzene,fresh,treatment,10,51.1,1
benzene,fresh,treatment,10,24.4,2
benzene,fresh,treatment,10,18.8,3
benzene,fresh,sterile,10,NA,1
benzene,fresh,sterile,10,NA,2
benzene,fresh,sterile,10,NA,3
benzene,brackish,treatment,10,25.1,1
benzene,brackish,treatment,10,29.9,2
benzene,brackish,treatment,10,14.8,3
benzene,brackish,sterile,10,NA,1
benzene,brackish,sterile,10,NA,2
benzene,brackish,sterile,10,NA,3
benzene,saline,treatment,10,5.6,1
benzene,saline,treatment,10,6.9,2
benzene,saline,treatment,10,4.7,3
benzene,saline,sterile,10,NA,1
benzene,saline,sterile,10,NA,2
benzene,saline,sterile,10,NA,3
toluene,fresh,treatment,10,13.4,1
toluene,fresh,treatment,10,13.5,2
toluene,fresh,treatment,10,13,3
toluene,fresh,sterile,10,NA,1
toluene,fresh,sterile,10,NA,2
toluene,fresh,sterile,10,NA,3
toluene,brackish,treatment,10,16.3,1
toluene,brackish,treatment,10,17.6,2
toluene,brackish,treatment,10,19,3
toluene,brackish,sterile,10,NA,1
toluene,brackish,sterile,10,NA,2
toluene,brackish,sterile,10,NA,3
toluene,saline,treatment,10,8.5,1
toluene,saline,treatment,10,8.2,2
toluene,saline,treatment,10,20.9,3
toluene,saline,sterile,10,NA,1
toluene,saline,sterile,10,NA,2
toluene,saline,sterile,10,NA,3
hexane,fresh,treatment,10,19.2,1
hexane,fresh,treatment,10,22.2,2
hexane,fresh,treatment,10,6.7,3
hexane,fresh,sterile,10,NA,1
hexane,fresh,sterile,10,NA,2
hexane,fresh,sterile,10,NA,3
hexane,brackish,treatment,10,12.1,1
hexane,brackish,treatment,10,13.5,2
hexane,brackish,treatment,10,15.1,3
hexane,brackish,sterile,10,NA,1
hexane,brackish,sterile,10,NA,2
hexane,brackish,sterile,10,NA,3
hexane,saline,treatment,10,14.3,1
hexane,saline,treatment,10,5.7,2
hexane,saline,treatment,10,5.8,3
hexane,saline,sterile,10,NA,1
hexane,saline,sterile,10,NA,2
hexane,saline,sterile,10,NA,3
unamended,fresh,unamended,10,6.6,1
unamended,fresh,unamended,10,NA,2
unamended,fresh,unamended,10,7.5,3
unamended,brackish,unamended,10,7.8,1
unamended,brackish,unamended,10,6.6,2
unamended,brackish,unamended,10,9.5,3
unamended,saline,unamended,10,2.6,1
unamended,saline,unamended,10,4.7,2
unamended,saline,unamended,10,1.5,3
unamended,fresh,media only,10,NA,1
unamended,fresh,media only,10,NA,2
unamended,fresh,media only,10,NA,3
unamended,brackish,media only,10,NA,1
unamended,brackish,media only,10,NA,2
unamended,brackish,media only,10,NA,3
unamended,saline,media only,10,NA,1
unamended,saline,media only,10,NA,2
unamended,saline,media only,10,NA,3
benzene,fresh,treatment,62,21.1,1
benzene,fresh,treatment,62,16.9,2
benzene,fresh,treatment,62,20.3,3
benzene,fresh,sterile,62,NA,1
benzene,fresh,sterile,62,NA,2
benzene,fresh,sterile,62,NA,3
benzene,brackish,treatment,62,25.1,1
benzene,brackish,treatment,62,35.1,2
benzene,brackish,treatment,62,11.5,3
benzene,brackish,sterile,62,NA,1
benzene,brackish,sterile,62,NA,2
benzene,brackish,sterile,62,NA,3
benzene,saline,treatment,62,0.4,1
benzene,saline,treatment,62,1.4,2
benzene,saline,treatment,62,-0.3,3
benzene,saline,sterile,62,NA,1
benzene,saline,sterile,62,NA,2
benzene,saline,sterile,62,NA,3
toluene,fresh,treatment,62,16.7,1
toluene,fresh,treatment,62,14,2
toluene,fresh,treatment,62,7,3
toluene,fresh,sterile,62,NA,1
toluene,fresh,sterile,62,NA,2
toluene,fresh,sterile,62,NA,3
toluene,brackish,treatment,62,21.8,1
toluene,brackish,treatment,62,13.4,2
toluene,brackish,treatment,62,11.8,3
toluene,brackish,sterile,62,NA,1
toluene,brackish,sterile,62,NA,2
toluene,brackish,sterile,62,NA,3
toluene,saline,treatment,62,5.1,1
toluene,saline,treatment,62,3.5,2
toluene,saline,treatment,62,12.1,3
toluene,saline,sterile,62,NA,1
toluene,saline,sterile,62,NA,2
toluene,saline,sterile,62,NA,3
hexane,fresh,treatment,62,12.5,1
hexane,fresh,treatment,62,30.6,2
hexane,fresh,treatment,62,5.1,3
hexane,fresh,sterile,62,NA,1
hexane,fresh,sterile,62,NA,2
hexane,fresh,sterile,62,NA,3
hexane,brackish,treatment,62,7.8,1
hexane,brackish,treatment,62,7.5,2
hexane,brackish,treatment,62,11.6,3
hexane,brackish,sterile,62,NA,1
hexane,brackish,sterile,62,NA,2
hexane,brackish,sterile,62,NA,3
hexane,saline,treatment,62,7.8,1
hexane,saline,treatment,62,0,2
hexane,saline,treatment,62,2.4,3
hexane,saline,sterile,62,NA,1
hexane,saline,sterile,62,NA,2
hexane,saline,sterile,62,NA,3
unamended,fresh,unamended,62,22.7,1
unamended,fresh,unamended,62,NA,2
unamended,fresh,unamended,62,6.3,3
unamended,brackish,unamended,62,5.4,1
unamended,brackish,unamended,62,6.6,2
unamended,brackish,unamended,62,4.7,3
unamended,saline,unamended,62,-1.7,1
unamended,saline,unamended,62,0.2,2
unamended,saline,unamended,62,-2.2,3
unamended,fresh,media only,62,NA,1
unamended,fresh,media only,62,NA,2
unamended,fresh,media only,62,NA,3
unamended,brackish,media only,62,NA,1
unamended,brackish,media only,62,NA,2
unamended,brackish,media only,62,NA,3
unamended,saline,media only,62,NA,1
unamended,saline,media only,62,NA,2
unamended,saline,media only,62,NA,3
benzene,fresh,treatment,72,32.25,1
benzene,fresh,treatment,72,20.5,2
benzene,fresh,treatment,72,22.35,3
benzene,fresh,sterile,72,NA,1
benzene,fresh,sterile,72,NA,2
benzene,fresh,sterile,72,NA,3
benzene,brackish,treatment,72,39.3,1
benzene,brackish,treatment,72,44.6,2
benzene,brackish,treatment,72,9.2,3
benzene,brackish,sterile,72,NA,1
benzene,brackish,sterile,72,NA,2
benzene,brackish,sterile,72,NA,3
benzene,saline,treatment,72,-6.6,1
benzene,saline,treatment,72,-4.4,2
benzene,saline,treatment,72,-6.7,3
benzene,saline,sterile,72,NA,1
benzene,saline,sterile,72,NA,2
benzene,saline,sterile,72,NA,3
toluene,fresh,treatment,72,17.1,1
toluene,fresh,treatment,72,18.5,2
toluene,fresh,treatment,72,4.2,3
toluene,fresh,sterile,72,NA,1
toluene,fresh,sterile,72,NA,2
toluene,fresh,sterile,72,NA,3
toluene,brackish,treatment,72,34.5,1
toluene,brackish,treatment,72,13.7,2
toluene,brackish,treatment,72,12.8,3
toluene,brackish,sterile,72,NA,1
toluene,brackish,sterile,72,NA,2
toluene,brackish,sterile,72,NA,3
toluene,saline,treatment,72,3.3,1
toluene,saline,treatment,72,0.4,2
toluene,saline,treatment,72,13.1,3
toluene,saline,sterile,72,NA,1
toluene,saline,sterile,72,NA,2
toluene,saline,sterile,72,NA,3
hexane,fresh,treatment,72,13.7,1
hexane,fresh,treatment,72,49.6,2
hexane,fresh,treatment,72,5.3,3
hexane,fresh,sterile,72,NA,1
hexane,fresh,sterile,72,NA,2
hexane,fresh,sterile,72,NA,3
hexane,brackish,treatment,72,7.6,1
hexane,brackish,treatment,72,7.8,2
hexane,brackish,treatment,72,14.5,3
hexane,brackish,sterile,72,NA,1
hexane,brackish,sterile,72,NA,2
hexane,brackish,sterile,72,NA,3
hexane,saline,treatment,72,8.4,1
hexane,saline,treatment,72,-5.7,2
hexane,saline,treatment,72,-1.6,3
hexane,saline,sterile,72,NA,1
hexane,saline,sterile,72,NA,2
hexane,saline,sterile,72,NA,3
unamended,fresh,unamended,72,36.2,1
unamended,fresh,unamended,72,NA,2
unamended,fresh,unamended,72,5.6,3
unamended,brackish,unamended,72,3.5,1
unamended,brackish,unamended,72,3.6,2
unamended,brackish,unamended,72,4.4,3
unamended,saline,unamended,72,-9,1
unamended,saline,unamended,72,-5.8,2
unamended,saline,unamended,72,-9.6,3
unamended,fresh,media only,72,NA,1
unamended,fresh,media only,72,NA,2
unamended,fresh,media only,72,NA,3
unamended,brackish,media only,72,NA,1
unamended,brackish,media only,72,NA,2
unamended,brackish,media only,72,NA,3
unamended,saline,media only,72,NA,1
unamended,saline,media only,72,NA,2
unamended,saline,media only,72,NA,3
benzene,fresh,treatment,86,43.4,1
benzene,fresh,treatment,86,17.6,2
benzene,fresh,treatment,86,24.4,3
benzene,fresh,sterile,86,NA,1
benzene,fresh,sterile,86,NA,2
benzene,fresh,sterile,86,NA,3
benzene,brackish,treatment,86,37,1
benzene,brackish,treatment,86,64.6,2
benzene,brackish,treatment,86,12.9,3
benzene,brackish,sterile,86,NA,1
benzene,brackish,sterile,86,NA,2
benzene,brackish,sterile,86,NA,3
benzene,saline,treatment,86,-1.5,1
benzene,saline,treatment,86,-0.5,2
benzene,saline,treatment,86,-2.6,3
benzene,saline,sterile,86,NA,1
benzene,saline,sterile,86,NA,2
benzene,saline,sterile,86,NA,3
toluene,fresh,treatment,86,17.5,1
toluene,fresh,treatment,86,16.75,2
toluene,fresh,treatment,86,5.9,3
toluene,fresh,sterile,86,NA,1
toluene,fresh,sterile,86,NA,2
toluene,fresh,sterile,86,NA,3
toluene,brackish,treatment,86,30.4,1
toluene,brackish,treatment,86,14.7,2
toluene,brackish,treatment,86,13.3,3
toluene,brackish,sterile,86,NA,1
toluene,brackish,sterile,86,NA,2
toluene,brackish,sterile,86,NA,3
toluene,saline,treatment,86,6.1,1
toluene,saline,treatment,86,0.45,2
toluene,saline,treatment,86,16.1,3
toluene,saline,sterile,86,NA,1
toluene,saline,sterile,86,NA,2
toluene,saline,sterile,86,NA,3
hexane,fresh,treatment,86,12.2,1
hexane,fresh,treatment,86,50.725,2
hexane,fresh,treatment,86,5.5,3
hexane,fresh,sterile,86,NA,1
hexane,fresh,sterile,86,NA,2
hexane,fresh,sterile,86,NA,3
hexane,brackish,treatment,86,10.2,1
hexane,brackish,treatment,86,9.2,2
hexane,brackish,treatment,86,16.2,3
hexane,brackish,sterile,86,NA,1
hexane,brackish,sterile,86,NA,2
hexane,brackish,sterile,86,NA,3
hexane,saline,treatment,86,10,1
hexane,saline,treatment,86,-1.7,2
hexane,saline,treatment,86,1.1,3
hexane,saline,sterile,86,NA,1
hexane,saline,sterile,86,NA,2
hexane,saline,sterile,86,NA,3
unamended,fresh,unamended,86,30.3,1
unamended,fresh,unamended,86,NA,2
unamended,fresh,unamended,86,8.1,3
unamended,brackish,unamended,86,4.4,1
unamended,brackish,unamended,86,6.2,2
unamended,brackish,unamended,86,4,3
unamended,saline,unamended,86,-4.2,1
unamended,saline,unamended,86,-1.2,2
unamended,saline,unamended,86,-4.5,3
unamended,fresh,media only,86,NA,1
unamended,fresh,media only,86,NA,2
unamended,fresh,media only,86,NA,3
unamended,brackish,media only,86,NA,1
unamended,brackish,media only,86,NA,2
unamended,brackish,media only,86,NA,3
unamended,saline,media only,86,NA,1
unamended,saline,media only,86,NA,2
unamended,saline,media only,86,NA,3
benzene,fresh,treatment,102,43.7,1
benzene,fresh,treatment,102,14.9,2
benzene,fresh,treatment,102,24.6,3
benzene,fresh,sterile,102,NA,1
benzene,fresh,sterile,102,NA,2
benzene,fresh,sterile,102,NA,3
benzene,brackish,treatment,102,35.9,1
benzene,brackish,treatment,102,56.6,2
benzene,brackish,treatment,102,13.3,3
benzene,brackish,sterile,102,NA,1
benzene,brackish,sterile,102,NA,2
benzene,brackish,sterile,102,NA,3
benzene,saline,treatment,102,-6.3,1
benzene,saline,treatment,102,-5.5,2
benzene,saline,treatment,102,-6.9,3
benzene,saline,sterile,102,NA,1
benzene,saline,sterile,102,NA,2
benzene,saline,sterile,102,NA,3
toluene,fresh,treatment,102,16.8,1
toluene,fresh,treatment,102,15,2
toluene,fresh,treatment,102,1.6,3
toluene,fresh,sterile,102,NA,1
toluene,fresh,sterile,102,NA,2
toluene,fresh,sterile,102,NA,3
toluene,brackish,treatment,102,29,1
toluene,brackish,treatment,102,10.9,2
toluene,brackish,treatment,102,9,3
toluene,brackish,sterile,102,NA,1
toluene,brackish,sterile,102,NA,2
toluene,brackish,sterile,102,NA,3
toluene,saline,treatment,102,3.8,1
toluene,saline,treatment,102,0.5,2
toluene,saline,treatment,102,12.3,3
toluene,saline,sterile,102,NA,1
toluene,saline,sterile,102,NA,2
toluene,saline,sterile,102,NA,3
hexane,fresh,treatment,102,8.9,1
hexane,fresh,treatment,102,51.85,2
hexane,fresh,treatment,102,1,3
hexane,fresh,sterile,102,NA,1
hexane,fresh,sterile,102,NA,2
hexane,fresh,sterile,102,NA,3
hexane,brackish,treatment,102,14.3,1
hexane,brackish,treatment,102,9.5,2
hexane,brackish,treatment,102,21.3,3
hexane,brackish,sterile,102,NA,1
hexane,brackish,sterile,102,NA,2
hexane,brackish,sterile,102,NA,3
hexane,saline,treatment,102,9.9,1
hexane,saline,treatment,102,-6.6,2
hexane,saline,treatment,102,-0.8,3
hexane,saline,sterile,102,NA,1
hexane,saline,sterile,102,NA,2
hexane,saline,sterile,102,NA,3
unamended,fresh,unamended,102,36.7,1
unamended,fresh,unamended,102,NA,2
unamended,fresh,unamended,102,12.4,3
unamended,brackish,unamended,102,2.4,1
unamended,brackish,unamended,102,3.2,2
unamended,brackish,unamended,102,4,3
unamended,saline,unamended,102,-9.2,1
unamended,saline,unamended,102,-5.3,2
unamended,saline,unamended,102,-8.6,3
unamended,fresh,media only,102,NA,1
unamended,fresh,media only,102,NA,2
unamended,fresh,media only,102,NA,3
unamended,brackish,media only,102,NA,1
unamended,brackish,media only,102,NA,2
unamended,brackish,media only,102,NA,3
unamended,saline,media only,102,NA,1
unamended,saline,media only,102,NA,2
unamended,saline,media only,102,NA,3
benzene,fresh,treatment,116,41.9,1
benzene,fresh,treatment,116,14.6,2
benzene,fresh,treatment,116,25.95,3
benzene,fresh,sterile,116,NA,1
benzene,fresh,sterile,116,NA,2
benzene,fresh,sterile,116,NA,3
benzene,brackish,treatment,116,46.9,1
benzene,brackish,treatment,116,61.7,2
benzene,brackish,treatment,116,25.6,3
benzene,brackish,sterile,116,NA,1
benzene,brackish,sterile,116,NA,2
benzene,brackish,sterile,116,NA,3
benzene,saline,treatment,116,-5.3,1
benzene,saline,treatment,116,-4.2,2
benzene,saline,treatment,116,-5.3,3
benzene,saline,sterile,116,NA,1
benzene,saline,sterile,116,NA,2
benzene,saline,sterile,116,NA,3
toluene,fresh,treatment,116,19.4,1
toluene,fresh,treatment,116,16.7,2
toluene,fresh,treatment,116,2.9,3
toluene,fresh,sterile,116,NA,1
toluene,fresh,sterile,116,NA,2
toluene,fresh,sterile,116,NA,3
toluene,brackish,treatment,116,30.8,1
toluene,brackish,treatment,116,12.5,2
toluene,brackish,treatment,116,9.2,3
toluene,brackish,sterile,116,NA,1
toluene,brackish,sterile,116,NA,2
toluene,brackish,sterile,116,NA,3
toluene,saline,treatment,116,4.8,1
toluene,saline,treatment,116,2.6,2
toluene,saline,treatment,116,13.4,3
toluene,saline,sterile,116,NA,1
toluene,saline,sterile,116,NA,2
toluene,saline,sterile,116,NA,3
hexane,fresh,treatment,116,9.8,1
hexane,fresh,treatment,116,54.1,2
hexane,fresh,treatment,116,2.7,3
hexane,fresh,sterile,116,NA,1
hexane,fresh,sterile,116,NA,2
hexane,fresh,sterile,116,NA,3
hexane,brackish,treatment,116,18.4,1
hexane,brackish,treatment,116,20.1,2
hexane,brackish,treatment,116,33.5,3
hexane,brackish,sterile,116,NA,1
hexane,brackish,sterile,116,NA,2
hexane,brackish,sterile,116,NA,3
hexane,saline,treatment,116,9.8,1
hexane,saline,treatment,116,-5.3,2
hexane,saline,treatment,116,0.7,3
hexane,saline,sterile,116,NA,1
hexane,saline,sterile,116,NA,2
hexane,saline,sterile,116,NA,3
unamended,fresh,unamended,116,34.9,1
unamended,fresh,unamended,116,NA,2
unamended,fresh,unamended,116,25.6,3
unamended,brackish,unamended,116,NA,1
unamended,brackish,unamended,116,7.6,2
unamended,brackish,unamended,116,4,3
unamended,saline,unamended,116,-7.7,1
unamended,saline,unamended,116,-3.4,2
unamended,saline,unamended,116,-6.8,3
unamended,fresh,media only,116,NA,1
unamended,fresh,media only,116,NA,2
unamended,fresh,media only,116,NA,3
unamended,brackish,media only,116,NA,1
unamended,brackish,media only,116,NA,2
unamended,brackish,media only,116,NA,3
unamended,saline,media only,116,NA,1
unamended,saline,media only,116,NA,2
unamended,saline,media only,116,NA,3
benzene,fresh,treatment,137,41.7,1
benzene,fresh,treatment,137,15.4,2
benzene,fresh,treatment,137,27.3,3
benzene,fresh,sterile,137,NA,1
benzene,fresh,sterile,137,NA,2
benzene,fresh,sterile,137,NA,3
benzene,brackish,treatment,137,59.1,1
benzene,brackish,treatment,137,71.6,2
benzene,brackish,treatment,137,37.9,3
benzene,brackish,sterile,137,NA,1
benzene,brackish,sterile,137,NA,2
benzene,brackish,sterile,137,NA,3
benzene,saline,treatment,137,-4.6,1
benzene,saline,treatment,137,-3.6,2
benzene,saline,treatment,137,-3.9,3
benzene,saline,sterile,137,NA,1
benzene,saline,sterile,137,NA,2
benzene,saline,sterile,137,NA,3
toluene,fresh,treatment,137,23.1,1
toluene,fresh,treatment,137,20.5,2
toluene,fresh,treatment,137,3.8,3
toluene,fresh,sterile,137,NA,1
toluene,fresh,sterile,137,NA,2
toluene,fresh,sterile,137,NA,3
toluene,brackish,treatment,137,42.2,1
toluene,brackish,treatment,137,24.3,2
toluene,brackish,treatment,137,8.6,3
toluene,brackish,sterile,137,NA,1
toluene,brackish,sterile,137,NA,2
toluene,brackish,sterile,137,NA,3
toluene,saline,treatment,137,16.4,1
toluene,saline,treatment,137,8.9,2
toluene,saline,treatment,137,17,3
toluene,saline,sterile,137,NA,1
toluene,saline,sterile,137,NA,2
toluene,saline,sterile,137,NA,3
hexane,fresh,treatment,137,9.6,1
hexane,fresh,treatment,137,66.3,2
hexane,fresh,treatment,137,3,3
hexane,fresh,sterile,137,NA,1
hexane,fresh,sterile,137,NA,2
hexane,fresh,sterile,137,NA,3
hexane,brackish,treatment,137,39.1,1
hexane,brackish,treatment,137,58.7,2
hexane,brackish,treatment,137,57.8,3
hexane,brackish,sterile,137,NA,1
hexane,brackish,sterile,137,NA,2
hexane,brackish,sterile,137,NA,3
hexane,saline,treatment,137,14,1
hexane,saline,treatment,137,-4.6,2
hexane,saline,treatment,137,4,3
hexane,saline,sterile,137,NA,1
hexane,saline,sterile,137,NA,2
hexane,saline,sterile,137,NA,3
unamended,fresh,unamended,137,43,1
unamended,fresh,unamended,137,NA,2
unamended,fresh,unamended,137,33.75,3
unamended,brackish,unamended,137,5.7,1
unamended,brackish,unamended,137,12.3,2
unamended,brackish,unamended,137,6.3,3
unamended,saline,unamended,137,-7.4,1
unamended,saline,unamended,137,0.5,2
unamended,saline,unamended,137,-4.1,3
unamended,fresh,media only,137,NA,1
unamended,fresh,media only,137,NA,2
unamended,fresh,media only,137,NA,3
unamended,brackish,media only,137,NA,1
unamended,brackish,media only,137,NA,2
unamended,brackish,media only,137,NA,3
unamended,saline,media only,137,NA,1
unamended,saline,media only,137,NA,2
unamended,saline,media only,137,NA,3
benzene,fresh,treatment,151,39.1,1
benzene,fresh,treatment,151,13.9,2
benzene,fresh,treatment,151,30,3
benzene,fresh,sterile,151,NA,1
benzene,fresh,sterile,151,NA,2
benzene,fresh,sterile,151,NA,3
benzene,brackish,treatment,151,44.1,1
benzene,brackish,treatment,151,72.6,2
benzene,brackish,treatment,151,44.8,3
benzene,brackish,sterile,151,NA,1
benzene,brackish,sterile,151,NA,2
benzene,brackish,sterile,151,NA,3
benzene,saline,treatment,151,-6.8,1
benzene,saline,treatment,151,-6.8,2
benzene,saline,treatment,151,-5.9,3
benzene,saline,sterile,151,NA,1
benzene,saline,sterile,151,NA,2
benzene,saline,sterile,151,NA,3
toluene,fresh,treatment,151,24.45,1
toluene,fresh,treatment,151,20.95,2
toluene,fresh,treatment,151,1.5,3
toluene,fresh,sterile,151,NA,1
toluene,fresh,sterile,151,NA,2
toluene,fresh,sterile,151,NA,3
toluene,brackish,treatment,151,46.5,1
toluene,brackish,treatment,151,31.8,2
toluene,brackish,treatment,151,8.7,3
toluene,brackish,sterile,151,NA,1
toluene,brackish,sterile,151,NA,2
toluene,brackish,sterile,151,NA,3
toluene,saline,treatment,151,16.4,1
toluene,saline,treatment,151,7.9,2
toluene,saline,treatment,151,16.2,3
toluene,saline,sterile,151,NA,1
toluene,saline,sterile,151,NA,2
toluene,saline,sterile,151,NA,3
hexane,fresh,treatment,151,8.1,1
hexane,fresh,treatment,151,65.3,2
hexane,fresh,treatment,151,3.3,3
hexane,fresh,sterile,151,NA,1
hexane,fresh,sterile,151,NA,2
hexane,fresh,sterile,151,NA,3
hexane,brackish,treatment,151,45.1,1
hexane,brackish,treatment,151,63.6,2
hexane,brackish,treatment,151,62.4,3
hexane,brackish,sterile,151,NA,1
hexane,brackish,sterile,151,NA,2
hexane,brackish,sterile,151,NA,3
hexane,saline,treatment,151,12.4,1
hexane,saline,treatment,151,-6.3,2
hexane,saline,treatment,151,4.6,3
hexane,saline,sterile,151,NA,1
hexane,saline,sterile,151,NA,2
hexane,saline,sterile,151,NA,3
unamended,fresh,unamended,151,41.2,1
unamended,fresh,unamended,151,NA,2
unamended,fresh,unamended,151,41.9,3
unamended,brackish,unamended,151,4.1,1
unamended,brackish,unamended,151,12.1,2
unamended,brackish,unamended,151,4.2,3
unamended,saline,unamended,151,-9.2,1
unamended,saline,unamended,151,1.3,2
unamended,saline,unamended,151,-6,3
unamended,fresh,media only,151,NA,1
unamended,fresh,media only,151,NA,2
unamended,fresh,media only,151,NA,3
unamended,brackish,media only,151,NA,1
unamended,brackish,media only,151,NA,2
unamended,brackish,media only,151,NA,3
unamended,saline,media only,151,NA,1
unamended,saline,media only,151,NA,2
unamended,saline,media only,151,NA,3
benzene,fresh,treatment,165,0.1,1
benzene,fresh,treatment,165,14.7,2
benzene,fresh,treatment,165,33.2,3
benzene,fresh,sterile,165,NA,1
benzene,fresh,sterile,165,NA,2
benzene,fresh,sterile,165,NA,3
benzene,brackish,treatment,165,70,1
benzene,brackish,treatment,165,82.2,2
benzene,brackish,treatment,165,53.8,3
benzene,brackish,sterile,165,NA,1
benzene,brackish,sterile,165,NA,2
benzene,brackish,sterile,165,NA,3
benzene,saline,treatment,165,-6.8,1
benzene,saline,treatment,165,-5.9,2
benzene,saline,treatment,165,-5,3
benzene,saline,sterile,165,NA,1
benzene,saline,sterile,165,NA,2
benzene,saline,sterile,165,NA,3
toluene,fresh,treatment,165,25.8,1
toluene,fresh,treatment,165,21.4,2
toluene,fresh,treatment,165,2.6,3
toluene,fresh,sterile,165,NA,1
toluene,fresh,sterile,165,NA,2
toluene,fresh,sterile,165,NA,3
toluene,brackish,treatment,165,53.8,1
toluene,brackish,treatment,165,54.8,2
toluene,brackish,treatment,165,8.8,3
toluene,brackish,sterile,165,NA,1
toluene,brackish,sterile,165,NA,2
toluene,brackish,sterile,165,NA,3
toluene,saline,treatment,165,20.5,1
toluene,saline,treatment,165,13.7,2
toluene,saline,treatment,165,19.4,3
toluene,saline,sterile,165,NA,1
toluene,saline,sterile,165,NA,2
toluene,saline,sterile,165,NA,3
hexane,fresh,treatment,165,8.4,1
hexane,fresh,treatment,165,78.1,2
hexane,fresh,treatment,165,3.4,3
hexane,fresh,sterile,165,NA,1
hexane,fresh,sterile,165,NA,2
hexane,fresh,sterile,165,NA,3
hexane,brackish,treatment,165,58.1,1
hexane,brackish,treatment,165,73.2,2
hexane,brackish,treatment,165,80.1,3
hexane,brackish,sterile,165,NA,1
hexane,brackish,sterile,165,NA,2
hexane,brackish,sterile,165,NA,3
hexane,saline,treatment,165,14.3,1
hexane,saline,treatment,165,-6.3,2
hexane,saline,treatment,165,5.2,3
hexane,saline,sterile,165,NA,1
hexane,saline,sterile,165,NA,2
hexane,saline,sterile,165,NA,3
unamended,fresh,unamended,165,48.3,1
unamended,fresh,unamended,165,NA,2
unamended,fresh,unamended,165,50.3,3
unamended,brackish,unamended,165,5.4,1
unamended,brackish,unamended,165,16.2,2
unamended,brackish,unamended,165,6.1,3
unamended,saline,unamended,165,-9.6,1
unamended,saline,unamended,165,5.1,2
unamended,saline,unamended,165,-2.5,3
unamended,fresh,media only,165,NA,1
unamended,fresh,media only,165,NA,2
unamended,fresh,media only,165,NA,3
unamended,brackish,media only,165,NA,1
unamended,brackish,media only,165,NA,2
unamended,brackish,media only,165,NA,3
unamended,saline,media only,165,NA,1
unamended,saline,media only,165,NA,2
unamended,saline,media only,165,NA,3
benzene,fresh,treatment,207,NA,1
benzene,fresh,treatment,207,16.1,2
benzene,fresh,treatment,207,44.6,3
benzene,fresh,sterile,207,NA,1
benzene,fresh,sterile,207,NA,2
benzene,fresh,sterile,207,NA,3
benzene,brackish,treatment,207,79,1
benzene,brackish,treatment,207,91.9,2
benzene,brackish,treatment,207,73.2,3
benzene,brackish,sterile,207,NA,1
benzene,brackish,sterile,207,NA,2
benzene,brackish,sterile,207,NA,3
benzene,saline,treatment,207,-4.5,1
benzene,saline,treatment,207,-3.5,2
benzene,saline,treatment,207,-2.6,3
benzene,saline,sterile,207,NA,1
benzene,saline,sterile,207,NA,2
benzene,saline,sterile,207,NA,3
toluene,fresh,treatment,207,32.4,1
toluene,fresh,treatment,207,28.9,2
toluene,fresh,treatment,207,3.4,3
toluene,fresh,sterile,207,NA,1
toluene,fresh,sterile,207,NA,2
toluene,fresh,sterile,207,NA,3
toluene,brackish,treatment,207,89.1,1
toluene,brackish,treatment,207,97,2
toluene,brackish,treatment,207,11,3
toluene,brackish,sterile,207,NA,1
toluene,brackish,sterile,207,NA,2
toluene,brackish,sterile,207,NA,3
toluene,saline,treatment,207,28,1
toluene,saline,treatment,207,20,2
toluene,saline,treatment,207,28.7,3
toluene,saline,sterile,207,NA,1
toluene,saline,sterile,207,NA,2
toluene,saline,sterile,207,NA,3
hexane,fresh,treatment,207,10.2,1
hexane,fresh,treatment,207,80,2
hexane,fresh,treatment,207,7.3,3
hexane,fresh,sterile,207,NA,1
hexane,fresh,sterile,207,NA,2
hexane,fresh,sterile,207,NA,3
hexane,brackish,treatment,207,73.1,1
hexane,brackish,treatment,207,92.2,2
hexane,brackish,treatment,207,92.9,3
hexane,brackish,sterile,207,NA,1
hexane,brackish,sterile,207,NA,2
hexane,brackish,sterile,207,NA,3
hexane,saline,treatment,207,20.8,1
hexane,saline,treatment,207,-2.7,2
hexane,saline,treatment,207,12.9,3
hexane,saline,sterile,207,NA,1
hexane,saline,sterile,207,NA,2
hexane,saline,sterile,207,NA,3
unamended,fresh,unamended,207,56.1,1
unamended,fresh,unamended,207,NA,2
unamended,fresh,unamended,207,62.6,3
unamended,brackish,unamended,207,10.5,1
unamended,brackish,unamended,207,28.5,2
unamended,brackish,unamended,207,7.1,3
unamended,saline,unamended,207,-7.2,1
unamended,saline,unamended,207,10.9,2
unamended,saline,unamended,207,1.3,3
unamended,fresh,media only,207,NA,1
unamended,fresh,media only,207,NA,2
unamended,fresh,media only,207,NA,3
unamended,brackish,media only,207,NA,1
unamended,brackish,media only,207,NA,2
unamended,brackish,media only,207,NA,3
unamended,saline,media only,207,NA,1
unamended,saline,media only,207,NA,2
unamended,saline,media only,207,NA,3
benzene,fresh,treatment,242,NA,1
benzene,fresh,treatment,242,17.3,2
benzene,fresh,treatment,242,48.7,3
benzene,fresh,sterile,242,NA,1
benzene,fresh,sterile,242,NA,2
benzene,fresh,sterile,242,NA,3
benzene,brackish,treatment,242,91.8,1
benzene,brackish,treatment,242,98.3,2
benzene,brackish,treatment,242,86.4,3
benzene,brackish,sterile,242,NA,1
benzene,brackish,sterile,242,NA,2
benzene,brackish,sterile,242,NA,3
benzene,saline,treatment,242,-2,1
benzene,saline,treatment,242,0,2
benzene,saline,treatment,242,1.1,3
benzene,saline,sterile,242,NA,1
benzene,saline,sterile,242,NA,2
benzene,saline,sterile,242,NA,3
toluene,fresh,treatment,242,38.7,1
toluene,fresh,treatment,242,35,2
toluene,fresh,treatment,242,7.3,3
toluene,fresh,sterile,242,NA,1
toluene,fresh,sterile,242,NA,2
toluene,fresh,sterile,242,NA,3
toluene,brackish,treatment,242,92.3,1
toluene,brackish,treatment,242,103.2,2
toluene,brackish,treatment,242,3.5,3
toluene,brackish,sterile,242,NA,1
toluene,brackish,sterile,242,NA,2
toluene,brackish,sterile,242,NA,3
toluene,saline,treatment,242,34.7,1
toluene,saline,treatment,242,31.9,2
toluene,saline,treatment,242,36.2,3
toluene,saline,sterile,242,NA,1
toluene,saline,sterile,242,NA,2
toluene,saline,sterile,242,NA,3
hexane,fresh,treatment,242,12.9,1
hexane,fresh,treatment,242,89.6,2
hexane,fresh,treatment,242,8.9,3
hexane,fresh,sterile,242,NA,1
hexane,fresh,sterile,242,NA,2
hexane,fresh,sterile,242,NA,3
hexane,brackish,treatment,242,83.35,1
hexane,brackish,treatment,242,99.05,2
hexane,brackish,treatment,242,106.1,3
hexane,brackish,sterile,242,NA,1
hexane,brackish,sterile,242,NA,2
hexane,brackish,sterile,242,NA,3
hexane,saline,treatment,242,29.1,1
hexane,saline,treatment,242,-1.3,2
hexane,saline,treatment,242,14.1,3
hexane,saline,sterile,242,NA,1
hexane,saline,sterile,242,NA,2
hexane,saline,sterile,242,NA,3
unamended,fresh,unamended,242,58.65,1
unamended,fresh,unamended,242,NA,2
unamended,fresh,unamended,242,81.4,3
unamended,brackish,unamended,242,13.5,1
unamended,brackish,unamended,242,33.4,2
unamended,brackish,unamended,242,11.35,3
unamended,saline,unamended,242,-3.2,1
unamended,saline,unamended,242,16.7,2
unamended,saline,unamended,242,8.2,3
unamended,fresh,media only,242,NA,1
unamended,fresh,media only,242,NA,2
unamended,fresh,media only,242,NA,3
unamended,brackish,media only,242,NA,1
unamended,brackish,media only,242,NA,2
unamended,brackish,media only,242,NA,3
unamended,saline,media only,242,NA,1
unamended,saline,media only,242,NA,2
unamended,saline,media only,242,NA,3
benzene,fresh,treatment,272,NA,1
benzene,fresh,treatment,272,22.1,2
benzene,fresh,treatment,272,55.9,3
benzene,fresh,sterile,272,NA,1
benzene,fresh,sterile,272,NA,2
benzene,fresh,sterile,272,NA,3
benzene,brackish,treatment,272,90.2,1
benzene,brackish,treatment,272,97.5,2
benzene,brackish,treatment,272,90.8,3
benzene,brackish,sterile,272,NA,1
benzene,brackish,sterile,272,NA,2
benzene,brackish,sterile,272,NA,3
benzene,saline,treatment,272,4.9,1
benzene,saline,treatment,272,6.1,2
benzene,saline,treatment,272,6.4,3
benzene,saline,sterile,272,NA,1
benzene,saline,sterile,272,NA,2
benzene,saline,sterile,272,NA,3
toluene,fresh,treatment,272,43.4,1
toluene,fresh,treatment,272,41.3,2
toluene,fresh,treatment,272,12.4,3
toluene,fresh,sterile,272,NA,1
toluene,fresh,sterile,272,NA,2
toluene,fresh,sterile,272,NA,3
toluene,brackish,treatment,272,104.3,1
toluene,brackish,treatment,272,108.4,2
toluene,brackish,treatment,272,19.6,3
toluene,brackish,sterile,272,NA,1
toluene,brackish,sterile,272,NA,2
toluene,brackish,sterile,272,NA,3
toluene,saline,treatment,272,40.3,1
toluene,saline,treatment,272,37,2
toluene,saline,treatment,272,43.1,3
toluene,saline,sterile,272,NA,1
toluene,saline,sterile,272,NA,2
toluene,saline,sterile,272,NA,3
hexane,fresh,treatment,272,18,1
hexane,fresh,treatment,272,96.6,2
hexane,fresh,treatment,272,16.8,3
hexane,fresh,sterile,272,NA,1
hexane,fresh,sterile,272,NA,2
hexane,fresh,sterile,272,NA,3
hexane,brackish,treatment,272,93.6,1
hexane,brackish,treatment,272,105.9,2
hexane,brackish,treatment,272,119.3,3
hexane,brackish,sterile,272,NA,1
hexane,brackish,sterile,272,NA,2
hexane,brackish,sterile,272,NA,3
hexane,saline,treatment,272,33.5,1
hexane,saline,treatment,272,7.6,2
hexane,saline,treatment,272,27.6,3
hexane,saline,sterile,272,NA,1
hexane,saline,sterile,272,NA,2
hexane,saline,sterile,272,NA,3
unamended,fresh,unamended,272,61.2,1
unamended,fresh,unamended,272,NA,2
unamended,fresh,unamended,272,92,3
unamended,brackish,unamended,272,19.4,1
unamended,brackish,unamended,272,40.9,2
unamended,brackish,unamended,272,15.6,3
unamended,saline,unamended,272,3.1,1
unamended,saline,unamended,272,23.6,2
unamended,saline,unamended,272,17.2,3
unamended,fresh,media only,272,NA,1
unamended,fresh,media only,272,NA,2
unamended,fresh,media only,272,NA,3
unamended,brackish,media only,272,NA,1
unamended,brackish,media only,272,NA,2
unamended,brackish,media only,272,NA,3
unamended,saline,media only,272,NA,1
unamended,saline,media only,272,NA,2
unamended,saline,media only,272,NA,3
benzene,fresh,treatment,312,NA,1
benzene,fresh,treatment,312,23.2,2
benzene,fresh,treatment,312,67.1,3
benzene,fresh,sterile,312,NA,1
benzene,fresh,sterile,312,NA,2
benzene,fresh,sterile,312,NA,3
benzene,brackish,treatment,312,105.9,1
benzene,brackish,treatment,312,108.8,2
benzene,brackish,treatment,312,102.8,3
benzene,brackish,sterile,312,NA,1
benzene,brackish,sterile,312,NA,2
benzene,brackish,sterile,312,NA,3
benzene,saline,treatment,312,7.5,1
benzene,saline,treatment,312,9.1,2
benzene,saline,treatment,312,9.7,3
benzene,saline,sterile,312,NA,1
benzene,saline,sterile,312,NA,2
benzene,saline,sterile,312,NA,3
toluene,fresh,treatment,312,50.4,1
toluene,fresh,treatment,312,45,2
toluene,fresh,treatment,312,14.3,3
toluene,fresh,sterile,312,NA,1
toluene,fresh,sterile,312,NA,2
toluene,fresh,sterile,312,NA,3
toluene,brackish,treatment,312,114.5,1
toluene,brackish,treatment,312,123.3,2
toluene,brackish,treatment,312,24.6,3
toluene,brackish,sterile,312,NA,1
toluene,brackish,sterile,312,NA,2
toluene,brackish,sterile,312,NA,3
toluene,saline,treatment,312,49.3,1
toluene,saline,treatment,312,52.3,2
toluene,saline,treatment,312,51.3,3
toluene,saline,sterile,312,NA,1
toluene,saline,sterile,312,NA,2
toluene,saline,sterile,312,NA,3
hexane,fresh,treatment,312,18.6,1
hexane,fresh,treatment,312,102.5,2
hexane,fresh,treatment,312,19,3
hexane,fresh,sterile,312,NA,1
hexane,fresh,sterile,312,NA,2
hexane,fresh,sterile,312,NA,3
hexane,brackish,treatment,312,107.6,1
hexane,brackish,treatment,312,127.3,2
hexane,brackish,treatment,312,117.8,3
hexane,brackish,sterile,312,NA,1
hexane,brackish,sterile,312,NA,2
hexane,brackish,sterile,312,NA,3
hexane,saline,treatment,312,40.4,1
hexane,saline,treatment,312,10.4,2
hexane,saline,treatment,312,36.3,3
hexane,saline,sterile,312,NA,1
hexane,saline,sterile,312,NA,2
hexane,saline,sterile,312,NA,3
unamended,fresh,unamended,312,67.8,1
unamended,fresh,unamended,312,NA,2
unamended,fresh,unamended,312,103.6,3
unamended,brackish,unamended,312,22.8,1
unamended,brackish,unamended,312,45.1,2
unamended,brackish,unamended,312,20,3
unamended,saline,unamended,312,6.2,1
unamended,saline,unamended,312,33.7,2
unamended,saline,unamended,312,23.1,3
unamended,fresh,media only,312,NA,1
unamended,fresh,media only,312,NA,2
unamended,fresh,media only,312,NA,3
unamended,brackish,media only,312,NA,1
unamended,brackish,media only,312,NA,2
unamended,brackish,media only,312,NA,3
unamended,saline,media only,312,NA,1
unamended,saline,media only,312,NA,2
unamended,saline,media only,312,NA,3
benzene,fresh,treatment,358,NA,1
benzene,fresh,treatment,358,23.2,2
benzene,fresh,treatment,358,61.8,3
benzene,fresh,sterile,358,NA,1
benzene,fresh,sterile,358,NA,2
benzene,fresh,sterile,358,NA,3
benzene,brackish,treatment,358,108.9,1
benzene,brackish,treatment,358,112.4,2
benzene,brackish,treatment,358,103.4,3
benzene,brackish,sterile,358,NA,1
benzene,brackish,sterile,358,NA,2
benzene,brackish,sterile,358,NA,3
benzene,saline,treatment,358,6.5,1
benzene,saline,treatment,358,10.1,2
benzene,saline,treatment,358,9.2,3
benzene,saline,sterile,358,NA,1
benzene,saline,sterile,358,NA,2
benzene,saline,sterile,358,NA,3
toluene,fresh,treatment,358,50.1,1
toluene,fresh,treatment,358,51.6,2
toluene,fresh,treatment,358,13.3,3
toluene,fresh,sterile,358,NA,1
toluene,fresh,sterile,358,NA,2
toluene,fresh,sterile,358,NA,3
toluene,brackish,treatment,358,130.7,1
toluene,brackish,treatment,358,132.9,2
toluene,brackish,treatment,358,25.2,3
toluene,brackish,sterile,358,NA,1
toluene,brackish,sterile,358,NA,2
toluene,brackish,sterile,358,NA,3
toluene,saline,treatment,358,56.9,1
toluene,saline,treatment,358,52.4,2
toluene,saline,treatment,358,51.7,3
toluene,saline,sterile,358,NA,1
toluene,saline,sterile,358,NA,2
toluene,saline,sterile,358,NA,3
hexane,fresh,treatment,358,18.9,1
hexane,fresh,treatment,358,110.05,2
hexane,fresh,treatment,358,18.65,3
hexane,fresh,sterile,358,NA,1
hexane,fresh,sterile,358,NA,2
hexane,fresh,sterile,358,NA,3
hexane,brackish,treatment,358,112.6,1
hexane,brackish,treatment,358,128.9,2
hexane,brackish,treatment,358,140,3
hexane,brackish,sterile,358,NA,1
hexane,brackish,sterile,358,NA,2
hexane,brackish,sterile,358,NA,3
hexane,saline,treatment,358,39.7,1
hexane,saline,treatment,358,9.9,2
hexane,saline,treatment,358,40,3
hexane,saline,sterile,358,NA,1
hexane,saline,sterile,358,NA,2
hexane,saline,sterile,358,NA,3
unamended,fresh,unamended,358,63.8,1
unamended,fresh,unamended,358,NA,2
unamended,fresh,unamended,358,116.9,3
unamended,brackish,unamended,358,24.5,1
unamended,brackish,unamended,358,46.35,2
unamended,brackish,unamended,358,24.4,3
unamended,saline,unamended,358,5.7,1
unamended,saline,unamended,358,35,2
unamended,saline,unamended,358,22.9,3
unamended,fresh,media only,358,NA,1
unamended,fresh,media only,358,NA,2
unamended,fresh,media only,358,NA,3
unamended,brackish,media only,358,NA,1
unamended,brackish,media only,358,NA,2
unamended,brackish,media only,358,NA,3
unamended,saline,media only,358,NA,1
unamended,saline,media only,358,NA,2
unamended,saline,media only,358,NA,3
benzene,fresh,treatment,387,NA,1
benzene,fresh,treatment,387,22.7,2
benzene,fresh,treatment,387,72,3
benzene,fresh,sterile,387,NA,1
benzene,fresh,sterile,387,NA,2
benzene,fresh,sterile,387,NA,3
benzene,brackish,treatment,387,117.2,1
benzene,brackish,treatment,387,123.9,2
benzene,brackish,treatment,387,116.2,3
benzene,brackish,sterile,387,NA,1
benzene,brackish,sterile,387,NA,2
benzene,brackish,sterile,387,NA,3
benzene,saline,treatment,387,6,1
benzene,saline,treatment,387,10.5,2
benzene,saline,treatment,387,9.4,3
benzene,saline,sterile,387,NA,1
benzene,saline,sterile,387,NA,2
benzene,saline,sterile,387,NA,3
toluene,fresh,treatment,387,54.3,1
toluene,fresh,treatment,387,54.9,2
toluene,fresh,treatment,387,13.2,3
toluene,fresh,sterile,387,NA,1
toluene,fresh,sterile,387,NA,2
toluene,fresh,sterile,387,NA,3
toluene,brackish,treatment,387,146.9,1
toluene,brackish,treatment,387,141.5,2
toluene,brackish,treatment,387,25.8,3
toluene,brackish,sterile,387,NA,1
toluene,brackish,sterile,387,NA,2
toluene,brackish,sterile,387,NA,3
toluene,saline,treatment,387,42.6,1
toluene,saline,treatment,387,59.8,2
toluene,saline,treatment,387,60.5,3
toluene,saline,sterile,387,NA,1
toluene,saline,sterile,387,NA,2
toluene,saline,sterile,387,NA,3
hexane,fresh,treatment,387,19.2,1
hexane,fresh,treatment,387,117.6,2
hexane,fresh,treatment,387,18.3,3
hexane,fresh,sterile,387,NA,1
hexane,fresh,sterile,387,NA,2
hexane,fresh,sterile,387,NA,3
hexane,brackish,treatment,387,125.3,1
hexane,brackish,treatment,387,140.7,2
hexane,brackish,treatment,387,148.6,3
hexane,brackish,sterile,387,NA,1
hexane,brackish,sterile,387,NA,2
hexane,brackish,sterile,387,NA,3
hexane,saline,treatment,387,43.2,1
hexane,saline,treatment,387,10,2
hexane,saline,treatment,387,44.4,3
hexane,saline,sterile,387,NA,1
hexane,saline,sterile,387,NA,2
hexane,saline,sterile,387,NA,3
unamended,fresh,unamended,387,65.5,1
unamended,fresh,unamended,387,NA,2
unamended,fresh,unamended,387,130.2,3
unamended,brackish,unamended,387,22.8,1
unamended,brackish,unamended,387,47.6,2
unamended,brackish,unamended,387,27.2,3
unamended,saline,unamended,387,5,1
unamended,saline,unamended,387,35.1,2
unamended,saline,unamended,387,24,3
unamended,fresh,media only,387,NA,1
unamended,fresh,media only,387,NA,2
unamended,fresh,media only,387,NA,3
unamended,brackish,media only,387,NA,1
unamended,brackish,media only,387,NA,2
unamended,brackish,media only,387,NA,3
unamended,saline,media only,387,NA,1
unamended,saline,media only,387,NA,2
unamended,saline,media only,387,NA,3
benzene,fresh,treatment,425,NA,1
benzene,fresh,treatment,425,23.1,2
benzene,fresh,treatment,425,79.1,3
benzene,fresh,sterile,425,NA,1
benzene,fresh,sterile,425,NA,2
benzene,fresh,sterile,425,NA,3
benzene,brackish,treatment,425,131.6,1
benzene,brackish,treatment,425,134.2,2
benzene,brackish,treatment,425,124.9,3
benzene,brackish,sterile,425,NA,1
benzene,brackish,sterile,425,NA,2
benzene,brackish,sterile,425,NA,3
benzene,saline,treatment,425,5.1,1
benzene,saline,treatment,425,11,2
benzene,saline,treatment,425,9.1,3
benzene,saline,sterile,425,NA,1
benzene,saline,sterile,425,NA,2
benzene,saline,sterile,425,NA,3
toluene,fresh,treatment,425,59.8,1
toluene,fresh,treatment,425,61.4,2
toluene,fresh,treatment,425,13.2,3
toluene,fresh,sterile,425,NA,1
toluene,fresh,sterile,425,NA,2
toluene,fresh,sterile,425,NA,3
toluene,brackish,treatment,425,155.4,1
toluene,brackish,treatment,425,159.2,2
toluene,brackish,treatment,425,26.4,3
toluene,brackish,sterile,425,NA,1
toluene,brackish,sterile,425,NA,2
toluene,brackish,sterile,425,NA,3
toluene,saline,treatment,425,59.55,1
toluene,saline,treatment,425,73.65,2
toluene,saline,treatment,425,74.3,3
toluene,saline,sterile,425,NA,1
toluene,saline,sterile,425,NA,2
toluene,saline,sterile,425,NA,3
hexane,fresh,treatment,425,18.8,1
hexane,fresh,treatment,425,130.5,2
hexane,fresh,treatment,425,18.6,3
hexane,fresh,sterile,425,NA,1
hexane,fresh,sterile,425,NA,2
hexane,fresh,sterile,425,NA,3
hexane,brackish,treatment,425,137.8,1
hexane,brackish,treatment,425,156.3,2
hexane,brackish,treatment,425,164.2,3
hexane,brackish,sterile,425,NA,1
hexane,brackish,sterile,425,NA,2
hexane,brackish,sterile,425,NA,3
hexane,saline,treatment,425,45.9,1
hexane,saline,treatment,425,9.4,2
hexane,saline,treatment,425,47.65,3
hexane,saline,sterile,425,NA,1
hexane,saline,sterile,425,NA,2
hexane,saline,sterile,425,NA,3
unamended,fresh,unamended,425,68.2,1
unamended,fresh,unamended,425,NA,2
unamended,fresh,unamended,425,143.5,3
unamended,brackish,unamended,425,26.1,1
unamended,brackish,unamended,425,47.8,2
unamended,brackish,unamended,425,31.4,3
unamended,saline,unamended,425,4.9,1
unamended,saline,unamended,425,42.3,2
unamended,saline,unamended,425,25.8,3
unamended,fresh,media only,425,NA,1
unamended,fresh,media only,425,NA,2
unamended,fresh,media only,425,NA,3
unamended,brackish,media only,425,NA,1
unamended,brackish,media only,425,NA,2
unamended,brackish,media only,425,NA,3
unamended,saline,media only,425,NA,1
unamended,saline,media only,425,NA,2
unamended,saline,media only,425,NA,3
benzene,fresh,treatment,466,NA,1
benzene,fresh,treatment,466,25,2
benzene,fresh,treatment,466,80,3
benzene,fresh,sterile,466,NA,1
benzene,fresh,sterile,466,NA,2
benzene,fresh,sterile,466,NA,3
benzene,brackish,treatment,466,146.9,1
benzene,brackish,treatment,466,141,2
benzene,brackish,treatment,466,132.8,3
benzene,brackish,sterile,466,NA,1
benzene,brackish,sterile,466,NA,2
benzene,brackish,sterile,466,NA,3
benzene,saline,treatment,466,8,1
benzene,saline,treatment,466,13.7,2
benzene,saline,treatment,466,11.6,3
benzene,saline,sterile,466,NA,1
benzene,saline,sterile,466,NA,2
benzene,saline,sterile,466,NA,3
toluene,fresh,treatment,466,63.95,1
toluene,fresh,treatment,466,63.75,2
toluene,fresh,treatment,466,15.3,3
toluene,fresh,sterile,466,NA,1
toluene,fresh,sterile,466,NA,2
toluene,fresh,sterile,466,NA,3
toluene,brackish,treatment,466,166,1
toluene,brackish,treatment,466,165.4,2
toluene,brackish,treatment,466,29.8,3
toluene,brackish,sterile,466,NA,1
toluene,brackish,sterile,466,NA,2
toluene,brackish,sterile,466,NA,3
toluene,saline,treatment,466,76.5,1
toluene,saline,treatment,466,87.5,2
toluene,saline,treatment,466,88,3
toluene,saline,sterile,466,NA,1
toluene,saline,sterile,466,NA,2
toluene,saline,sterile,466,NA,3
hexane,fresh,treatment,466,20.2,1
hexane,fresh,treatment,466,136.8,2
hexane,fresh,treatment,466,20.1,3
hexane,fresh,sterile,466,NA,1
hexane,fresh,sterile,466,NA,2
hexane,fresh,sterile,466,NA,3
hexane,brackish,treatment,466,149.8,1
hexane,brackish,treatment,466,168.1,2
hexane,brackish,treatment,466,171.1,3
hexane,brackish,sterile,466,NA,1
hexane,brackish,sterile,466,NA,2
hexane,brackish,sterile,466,NA,3
hexane,saline,treatment,466,51.5,1
hexane,saline,treatment,466,11.7,2
hexane,saline,treatment,466,50.9,3
hexane,saline,sterile,466,NA,1
hexane,saline,sterile,466,NA,2
hexane,saline,sterile,466,NA,3
unamended,fresh,unamended,466,72.5,1
unamended,fresh,unamended,466,NA,2
unamended,fresh,unamended,466,157.9,3
unamended,brackish,unamended,466,27.2,1
unamended,brackish,unamended,466,49.95,2
unamended,brackish,unamended,466,35.8,3
unamended,saline,unamended,466,7.1,1
unamended,saline,unamended,466,45,2
unamended,saline,unamended,466,27.2,3
unamended,fresh,media only,466,NA,1
unamended,fresh,media only,466,NA,2
unamended,fresh,media only,466,NA,3
unamended,brackish,media only,466,NA,1
unamended,brackish,media only,466,NA,2
unamended,brackish,media only,466,NA,3
unamended,saline,media only,466,NA,1
unamended,saline,media only,466,NA,2
unamended,saline,media only,466,NA,3
benzene,fresh,treatment,499,NA,1
benzene,fresh,treatment,499,25.2,2
benzene,fresh,treatment,499,86.6,3
benzene,fresh,sterile,499,NA,1
benzene,fresh,sterile,499,NA,2
benzene,fresh,sterile,499,NA,3
benzene,brackish,treatment,499,147.4,1
benzene,brackish,treatment,499,139.4,2
benzene,brackish,treatment,499,130.4,3
benzene,brackish,sterile,499,NA,1
benzene,brackish,sterile,499,NA,2
benzene,brackish,sterile,499,NA,3
benzene,saline,treatment,499,9,1
benzene,saline,treatment,499,15.8,2
benzene,saline,treatment,499,12.8,3
benzene,saline,sterile,499,NA,1
benzene,saline,sterile,499,NA,2
benzene,saline,sterile,499,NA,3
toluene,fresh,treatment,499,68.1,1
toluene,fresh,treatment,499,66.1,2
toluene,fresh,treatment,499,16.4,3
toluene,fresh,sterile,499,NA,1
toluene,fresh,sterile,499,NA,2
toluene,fresh,sterile,499,NA,3
toluene,brackish,treatment,499,182,1
toluene,brackish,treatment,499,179.8,2
toluene,brackish,treatment,499,33,3
toluene,brackish,sterile,499,NA,1
toluene,brackish,sterile,499,NA,2
toluene,brackish,sterile,499,NA,3
toluene,saline,treatment,499,110.4,1
toluene,saline,treatment,499,98,2
toluene,saline,treatment,499,105.3,3
toluene,saline,sterile,499,NA,1
toluene,saline,sterile,499,NA,2
toluene,saline,sterile,499,NA,3
hexane,fresh,treatment,499,21.6,1
hexane,fresh,treatment,499,137.8,2
hexane,fresh,treatment,499,21.7,3
hexane,fresh,sterile,499,NA,1
hexane,fresh,sterile,499,NA,2
hexane,fresh,sterile,499,NA,3
hexane,brackish,treatment,499,149,1
hexane,brackish,treatment,499,171.6,2
hexane,brackish,treatment,499,178.4,3
hexane,brackish,sterile,499,NA,1
hexane,brackish,sterile,499,NA,2
hexane,brackish,sterile,499,NA,3
hexane,saline,treatment,499,54.3,1
hexane,saline,treatment,499,12.8,2
hexane,saline,treatment,499,55.3,3
hexane,saline,sterile,499,NA,1
hexane,saline,sterile,499,NA,2
hexane,saline,sterile,499,NA,3
unamended,fresh,unamended,499,74.1,1
unamended,fresh,unamended,499,NA,2
unamended,fresh,unamended,499,163.2,3
unamended,brackish,unamended,499,31.8,1
unamended,brackish,unamended,499,52.1,2
unamended,brackish,unamended,499,37.1,3
unamended,saline,unamended,499,9.3,1
unamended,saline,unamended,499,50.8,2
unamended,saline,unamended,499,28.6,3
unamended,fresh,media only,499,NA,1
unamended,fresh,media only,499,NA,2
unamended,fresh,media only,499,NA,3
unamended,brackish,media only,499,NA,1
unamended,brackish,media only,499,NA,2
unamended,brackish,media only,499,NA,3
unamended,saline,media only,499,NA,1
unamended,saline,media only,499,NA,2
unamended,saline,media only,499,NA,3
benzene,fresh,treatment,555,NA,1
benzene,fresh,treatment,555,23.2,2
benzene,fresh,treatment,555,78.4,3
benzene,fresh,sterile,555,NA,1
benzene,fresh,sterile,555,NA,2
benzene,fresh,sterile,555,NA,3
benzene,brackish,treatment,555,171,1
benzene,brackish,treatment,555,157.5,2
benzene,brackish,treatment,555,152.2,3
benzene,brackish,sterile,555,NA,1
benzene,brackish,sterile,555,NA,2
benzene,brackish,sterile,555,NA,3
benzene,saline,treatment,555,5.9,1
benzene,saline,treatment,555,14.1,2
benzene,saline,treatment,555,10,3
benzene,saline,sterile,555,NA,1
benzene,saline,sterile,555,NA,2
benzene,saline,sterile,555,NA,3
toluene,fresh,treatment,555,69,1
toluene,fresh,treatment,555,69.3,2
toluene,fresh,treatment,555,13.4,3
toluene,fresh,sterile,555,NA,1
toluene,fresh,sterile,555,NA,2
toluene,fresh,sterile,555,NA,3
toluene,brackish,treatment,555,197.8,1
toluene,brackish,treatment,555,166.4,2
toluene,brackish,treatment,555,33.6,3
toluene,brackish,sterile,555,NA,1
toluene,brackish,sterile,555,NA,2
toluene,brackish,sterile,555,NA,3
toluene,saline,treatment,555,134.3,1
toluene,saline,treatment,555,124.5,2
toluene,saline,treatment,555,145.6,3
toluene,saline,sterile,555,NA,1
toluene,saline,sterile,555,NA,2
toluene,saline,sterile,555,NA,3
hexane,fresh,treatment,555,19.8,1
hexane,fresh,treatment,555,164.1,2
hexane,fresh,treatment,555,20.6,3
hexane,fresh,sterile,555,NA,1
hexane,fresh,sterile,555,NA,2
hexane,fresh,sterile,555,NA,3
hexane,brackish,treatment,555,175.6,1
hexane,brackish,treatment,555,197,2
hexane,brackish,treatment,555,186.9,3
hexane,brackish,sterile,555,NA,1
hexane,brackish,sterile,555,NA,2
hexane,brackish,sterile,555,NA,3
hexane,saline,treatment,555,59.2,1
hexane,saline,treatment,555,9.5,2
hexane,saline,treatment,555,73.3,3
hexane,saline,sterile,555,NA,1
hexane,saline,sterile,555,NA,2
hexane,saline,sterile,555,NA,3
unamended,fresh,unamended,555,82.6,1
unamended,fresh,unamended,555,NA,2
unamended,fresh,unamended,555,188.3,3
unamended,brackish,unamended,555,35.5,1
unamended,brackish,unamended,555,54.2,2
unamended,brackish,unamended,555,42.9,3
unamended,saline,unamended,555,6.5,1
unamended,saline,unamended,555,66.4,2
unamended,saline,unamended,555,26.6,3
unamended,fresh,media only,555,NA,1
unamended,fresh,media only,555,NA,2
unamended,fresh,media only,555,NA,3
unamended,brackish,media only,555,NA,1
unamended,brackish,media only,555,NA,2
unamended,brackish,media only,555,NA,3
unamended,saline,media only,555,NA,1
unamended,saline,media only,555,NA,2
unamended,saline,media only,555,NA,3
